#automap RITHMIC,,,,,,,
Symbol,Price Level,Note,Foreground Color,Background Color,Text Alignment,Diameter,Draw Note Price Horizontal Line
MNQZ6,31610.75,ONHi,#FFFFFF,#0078FF,left,1,TRUE
MNQZ6,31565.00,C2,#FFFFFF,#32CD32,left,1,TRUE
MNQZ6,31517.75,iL,#FFFFFF,#0078FF,left,1,TRUE
MNQZ6,31485.00,C3,#FFFFFF,#32CD32,left,1,TRUE
MNQZ6,31440.00,C1,#FFFFFF,#32CD32,left,1,TRUE
MNQZ6,31400.00,HVL;P7,#FFFFFF,#0078FF,left,1,TRUE
MNQZ6,31360.00,P6;1*,#FFFFFF,#DC143C,left,1,TRUE
MNQZ6,31320.00,P3;1*,#FFFFFF,#DC143C,left,1,TRUE
MNQZ6,31235.00,P4,#FFFFFF,#DC143C,left,1,TRUE
MNQZ6,31208.25,ONLo,#FFFFFF,#0078FF,left,1,TRUE
MNQZ6,31150.00,P7,#FFFFFF,#DC143C,left,1,TRUE
MNQZ6,31070.00,P2;1*,#FFFFFF,#DC143C,left,1,TRUE
MNQZ6,31030.00,P5,#FFFFFF,#DC143C,left,1,TRUE
MNQZ6,30970.00,iLW,#FFFFFF,#0078FF,left,1,TRUE
MNQZ6,30898.50,"oPOC,iL",#FFFFFF,#FFD700,left,1,TRUE
